<?xml version="1.0" encoding="UTF-8"?>
<project-private xmlns="http://www.netbeans.org/ns/project-private/1">
    <editor-bookmarks xmlns="http://www.netbeans.org/ns/editor-bookmarks/2" lastBookmarkId="0"/>
    <open-files xmlns="http://www.netbeans.org/ns/projectui-open-files/2">
        <group>
            <file>file:/E:/Workspace/sys-poo/sys-poo/ControleHospedagem/src/br/com/poo/controleHospedagem/viwer/telas/CadastroQuarto.java</file>
            <file>file:/E:/Workspace/sys-poo/sys-poo/ControleHospedagem/src/br/com/poo/controleHospedagem/viwer/telas/CadastroItensAHospedagen.java</file>
            <file>file:/E:/Workspace/sys-poo/sys-poo/ControleHospedagem/src/br/com/poo/controleHospedagem/entity/Cliente.java</file>
            <file>file:/E:/Workspace/sys-poo/sys-poo/ControleHospedagem/src/br/com/poo/controleHospedagem/viwer/telas/CadastoUsuario.java</file>
            <file>file:/E:/Workspace/sys-poo/sys-poo/ControleHospedagem/src/br/com/poo/controleHospedagem/viwer/telas/MantemHospedagem.java</file>
            <file>file:/E:/Workspace/sys-poo/sys-poo/ControleHospedagem/src/br/com/poo/controleHospedagem/viwer/telas/CadastroCliente.java</file>
        </group>
    </open-files>
</project-private>
